Event,Axis,Start Time,End Time,Duration (seconds)
ALERT,Axis #1,2022-10-17 18:07:26.971000+00:00,2022-10-17 18:07:32.706000+00:00,5.735
ALERT,Axis #1,2022-10-17 18:07:38.223000+00:00,2022-10-17 18:07:49.758000+00:00,11.535
ERROR,Axis #1,2022-10-17 23:44:24.683000+00:00,2022-10-17 23:44:43.724000+00:00,19.041
ALERT,Axis #2,2022-10-17 12:22:01.847000+00:00,2022-10-17 12:22:07.779000+00:00,5.932
ALERT,Axis #2,2022-10-17 12:22:43.327000+00:00,2022-10-17 12:22:51.121000+00:00,7.7940000000000005
ALERT,Axis #2,2022-10-17 12:22:54.987000+00:00,2022-10-17 12:23:06.437000+00:00,11.45
ALERT,Axis #2,2022-10-17 12:24:39.488000+00:00,2022-10-17 12:24:45.247000+00:00,5.759
ALERT,Axis #2,2022-10-17 12:24:53.020000+00:00,2022-10-17 12:25:00.773000+00:00,7.753
ALERT,Axis #2,2022-10-17 12:35:51.838000+00:00,2022-10-17 12:35:59.343000+00:00,7.505
ALERT,Axis #2,2022-10-17 12:45:48.206000+00:00,2022-10-17 12:45:54.045000+00:00,5.839
ALERT,Axis #2,2022-10-17 13:13:42.333000+00:00,2022-10-17 13:13:48.065000+00:00,5.732
ALERT,Axis #2,2022-10-17 13:17:13.315000+00:00,2022-10-17 13:17:19.141000+00:00,5.826
ALERT,Axis #2,2022-10-17 13:20:17.554000+00:00,2022-10-17 13:20:23.442000+00:00,5.888
ALERT,Axis #2,2022-10-17 13:21:07.025000+00:00,2022-10-17 13:21:12.784000+00:00,5.759
ALERT,Axis #2,2022-10-17 13:21:18.471000+00:00,2022-10-17 13:21:26.059000+00:00,7.588
ALERT,Axis #2,2022-10-17 13:27:00.957000+00:00,2022-10-17 13:27:06.650000+00:00,5.693
ALERT,Axis #2,2022-10-17 13:44:20.082000+00:00,2022-10-17 13:44:25.655000+00:00,5.573
ALERT,Axis #2,2022-10-17 13:47:39.779000+00:00,2022-10-17 13:47:45.430000+00:00,5.651
ALERT,Axis #2,2022-10-17 13:48:31.109000+00:00,2022-10-17 13:48:36.867000+00:00,5.758
ALERT,Axis #2,2022-10-17 13:49:26.189000+00:00,2022-10-17 13:49:31.863000+00:00,5.674
ALERT,Axis #2,2022-10-17 13:50:35.903000+00:00,2022-10-17 13:50:47.419000+00:00,11.516
ALERT,Axis #2,2022-10-17 13:52:31.812000+00:00,2022-10-17 13:52:37.509000+00:00,5.697
ALERT,Axis #2,2022-10-17 13:55:41.722000+00:00,2022-10-17 13:55:49.533000+00:00,7.811
ALERT,Axis #2,2022-10-17 13:56:46.548000+00:00,2022-10-17 13:56:52.349000+00:00,5.801
ALERT,Axis #2,2022-10-17 14:00:30.844000+00:00,2022-10-17 14:00:34.872000+00:00,4.028
ALERT,Axis #2,2022-10-17 14:01:06.846000+00:00,2022-10-17 14:01:12.715000+00:00,5.869
ALERT,Axis #2,2022-10-17 14:04:40.167000+00:00,2022-10-17 14:04:45.820000+00:00,5.6530000000000005
ALERT,Axis #2,2022-10-17 14:05:27.120000+00:00,2022-10-17 14:05:32.843000+00:00,5.723
ALERT,Axis #2,2022-10-17 14:05:44.362000+00:00,2022-10-17 14:05:50.094000+00:00,5.732
ALERT,Axis #2,2022-10-17 14:09:05.430000+00:00,2022-10-17 14:09:12.947000+00:00,7.517
ALERT,Axis #2,2022-10-17 14:11:45.253000+00:00,2022-10-17 14:11:51.128000+00:00,5.875
ALERT,Axis #2,2022-10-17 14:13:28.283000+00:00,2022-10-17 14:13:34.052000+00:00,5.769
ALERT,Axis #2,2022-10-17 14:20:27.019000+00:00,2022-10-17 14:20:32.824000+00:00,5.805
ALERT,Axis #2,2022-10-17 14:21:58.064000+00:00,2022-10-17 14:22:03.746000+00:00,5.682
ALERT,Axis #2,2022-10-17 14:24:01.734000+00:00,2022-10-17 14:24:09.299000+00:00,7.5649999999999995
ALERT,Axis #2,2022-10-17 14:24:39.519000+00:00,2022-10-17 14:24:45.333000+00:00,5.814
ALERT,Axis #2,2022-10-17 14:24:53.003000+00:00,2022-10-17 14:25:00.647000+00:00,7.644
ALERT,Axis #2,2022-10-17 14:25:46.206000+00:00,2022-10-17 14:25:51.864000+00:00,5.658
ALERT,Axis #2,2022-10-17 14:26:26.237000+00:00,2022-10-17 14:26:32.008000+00:00,5.771
ALERT,Axis #2,2022-10-17 14:26:35.754000+00:00,2022-10-17 14:26:41.466000+00:00,5.712
ALERT,Axis #2,2022-10-17 14:27:17.364000+00:00,2022-10-17 14:27:23.118000+00:00,5.754
ALERT,Axis #2,2022-10-17 14:28:33.909000+00:00,2022-10-17 14:28:45.350000+00:00,11.441
ALERT,Axis #2,2022-10-17 14:29:11.386000+00:00,2022-10-17 14:29:19.070000+00:00,7.684
ALERT,Axis #2,2022-10-17 14:30:51.534000+00:00,2022-10-17 14:30:57.330000+00:00,5.796
ALERT,Axis #2,2022-10-17 14:34:50.173000+00:00,2022-10-17 14:34:55.847000+00:00,5.674
ALERT,Axis #2,2022-10-17 14:37:33.396000+00:00,2022-10-17 14:37:39.191000+00:00,5.795
ALERT,Axis #2,2022-10-17 14:37:48.748000+00:00,2022-10-17 14:37:54.449000+00:00,5.701
ALERT,Axis #2,2022-10-17 14:40:08.651000+00:00,2022-10-17 14:40:14.267000+00:00,5.616
ALERT,Axis #2,2022-10-17 14:41:59.367000+00:00,2022-10-17 14:42:05.167000+00:00,5.8
ALERT,Axis #2,2022-10-17 14:44:36.393000+00:00,2022-10-17 14:44:42.287000+00:00,5.894
ALERT,Axis #2,2022-10-17 14:47:24.754000+00:00,2022-10-17 14:47:30.605000+00:00,5.851
ALERT,Axis #2,2022-10-17 14:48:52.470000+00:00,2022-10-17 14:48:58.267000+00:00,5.797
ALERT,Axis #2,2022-10-17 14:49:04.095000+00:00,2022-10-17 14:49:11.923000+00:00,7.828
ALERT,Axis #2,2022-10-17 14:51:33.839000+00:00,2022-10-17 14:51:41.511000+00:00,7.672
ALERT,Axis #2,2022-10-17 14:52:21.499000+00:00,2022-10-17 14:52:27.304000+00:00,5.805
ALERT,Axis #2,2022-10-17 14:53:12.765000+00:00,2022-10-17 14:53:24.231000+00:00,11.466
ALERT,Axis #2,2022-10-17 14:54:04.039000+00:00,2022-10-17 14:54:09.802000+00:00,5.763
ALERT,Axis #2,2022-10-17 14:54:57.247000+00:00,2022-10-17 14:55:02.949000+00:00,5.702
ALERT,Axis #2,2022-10-17 15:00:54.083000+00:00,2022-10-17 15:01:01.797000+00:00,7.714
ALERT,Axis #2,2022-10-17 15:01:47.351000+00:00,2022-10-17 15:01:53.083000+00:00,5.732
ALERT,Axis #2,2022-10-17 15:02:38.609000+00:00,2022-10-17 15:02:44.344000+00:00,5.735
ALERT,Axis #2,2022-10-17 15:12:02.521000+00:00,2022-10-17 15:12:08.144000+00:00,5.623
ALERT,Axis #2,2022-10-17 15:16:09.835000+00:00,2022-10-17 15:16:15.568000+00:00,5.733
ALERT,Axis #2,2022-10-17 15:17:16.145000+00:00,2022-10-17 15:17:23.769000+00:00,7.624
ALERT,Axis #2,2022-10-17 15:18:56.491000+00:00,2022-10-17 15:19:02.288000+00:00,5.797
ALERT,Axis #2,2022-10-17 15:22:41.180000+00:00,2022-10-17 15:22:48.818000+00:00,7.638
ALERT,Axis #2,2022-10-17 15:23:21.151000+00:00,2022-10-17 15:23:28.637000+00:00,7.486
ALERT,Axis #2,2022-10-17 15:24:29.612000+00:00,2022-10-17 15:24:39.026000+00:00,9.414
ALERT,Axis #2,2022-10-17 17:31:38.363000+00:00,2022-10-17 17:31:44.148000+00:00,5.785
ALERT,Axis #2,2022-10-17 17:33:09.117000+00:00,2022-10-17 17:33:14.819000+00:00,5.702
ALERT,Axis #2,2022-10-17 17:39:03.238000+00:00,2022-10-17 17:39:08.861000+00:00,5.623
ALERT,Axis #2,2022-10-17 17:51:07.190000+00:00,2022-10-17 17:51:13.001000+00:00,5.811
ALERT,Axis #2,2022-10-17 17:52:42.666000+00:00,2022-10-17 17:52:48.288000+00:00,5.622
ALERT,Axis #2,2022-10-17 17:58:47.941000+00:00,2022-10-17 17:58:53.888000+00:00,5.947
ALERT,Axis #2,2022-10-17 17:59:27.865000+00:00,2022-10-17 17:59:33.607000+00:00,5.742
ALERT,Axis #2,2022-10-17 18:05:40.072000+00:00,2022-10-17 18:05:45.783000+00:00,5.711
ALERT,Axis #2,2022-10-17 18:06:50.582000+00:00,2022-10-17 18:06:54.630000+00:00,4.048
ALERT,Axis #2,2022-10-17 18:07:43.925000+00:00,2022-10-17 18:07:49.758000+00:00,5.833
ALERT,Axis #2,2022-10-17 18:12:27.075000+00:00,2022-10-17 18:12:32.722000+00:00,5.647
ALERT,Axis #2,2022-10-17 18:15:16.061000+00:00,2022-10-17 18:15:21.705000+00:00,5.644
ALERT,Axis #2,2022-10-17 18:18:39.584000+00:00,2022-10-17 18:18:47.347000+00:00,7.763
ALERT,Axis #2,2022-10-17 18:19:32.867000+00:00,2022-10-17 18:19:38.640000+00:00,5.773
ALERT,Axis #2,2022-10-17 18:20:13.019000+00:00,2022-10-17 18:20:18.921000+00:00,5.902
ALERT,Axis #2,2022-10-17 18:25:30.155000+00:00,2022-10-17 18:25:35.838000+00:00,5.683
ALERT,Axis #2,2022-10-17 18:27:24.172000+00:00,2022-10-17 18:27:30.006000+00:00,5.834
ALERT,Axis #2,2022-10-17 18:27:35.872000+00:00,2022-10-17 18:27:41.544000+00:00,5.672
ALERT,Axis #2,2022-10-17 18:28:11.721000+00:00,2022-10-17 18:28:19.523000+00:00,7.802
ALERT,Axis #2,2022-10-17 18:28:27.146000+00:00,2022-10-17 18:28:34.753000+00:00,7.607
ALERT,Axis #2,2022-10-17 18:34:51.267000+00:00,2022-10-17 18:34:57.085000+00:00,5.818
ALERT,Axis #2,2022-10-17 18:38:20.581000+00:00,2022-10-17 18:38:26.286000+00:00,5.705
ALERT,Axis #2,2022-10-17 18:39:23.237000+00:00,2022-10-17 18:39:30.938000+00:00,7.701
ALERT,Axis #2,2022-10-17 18:40:18.994000+00:00,2022-10-17 18:40:24.753000+00:00,5.759
ALERT,Axis #2,2022-10-17 18:47:18.839000+00:00,2022-10-17 18:47:24.603000+00:00,5.764
ALERT,Axis #2,2022-10-17 18:48:10.572000+00:00,2022-10-17 18:48:18.306000+00:00,7.734
ALERT,Axis #2,2022-10-17 18:55:15.612000+00:00,2022-10-17 18:55:25.242000+00:00,9.63
ALERT,Axis #2,2022-10-17 18:57:49.628000+00:00,2022-10-17 18:57:59.141000+00:00,9.513
ALERT,Axis #2,2022-10-17 18:58:48.415000+00:00,2022-10-17 18:58:56.044000+00:00,7.629
ALERT,Axis #2,2022-10-17 18:59:31.936000+00:00,2022-10-17 18:59:37.738000+00:00,5.802
ALERT,Axis #2,2022-10-17 18:59:45.534000+00:00,2022-10-17 18:59:51.347000+00:00,5.813
ALERT,Axis #2,2022-10-17 19:02:14.080000+00:00,2022-10-17 19:02:23.649000+00:00,9.568999999999999
ALERT,Axis #2,2022-10-17 19:05:25.516000+00:00,2022-10-17 19:05:31.291000+00:00,5.775
ALERT,Axis #2,2022-10-17 19:06:18.677000+00:00,2022-10-17 19:06:24.338000+00:00,5.661
ALERT,Axis #2,2022-10-17 19:06:33.795000+00:00,2022-10-17 19:06:39.600000+00:00,5.805
ALERT,Axis #2,2022-10-17 19:07:08.034000+00:00,2022-10-17 19:07:13.755000+00:00,5.721
ALERT,Axis #2,2022-10-17 19:09:01.909000+00:00,2022-10-17 19:09:09.696000+00:00,7.787
ALERT,Axis #2,2022-10-17 19:10:48.981000+00:00,2022-10-17 19:10:54.807000+00:00,5.826
ALERT,Axis #2,2022-10-17 19:12:29.570000+00:00,2022-10-17 19:12:37.316000+00:00,7.746
ALERT,Axis #2,2022-10-17 19:13:07.455000+00:00,2022-10-17 19:13:13.183000+00:00,5.728
ALERT,Axis #2,2022-10-17 19:17:25.324000+00:00,2022-10-17 19:17:31.057000+00:00,5.733
ALERT,Axis #2,2022-10-17 19:18:16.880000+00:00,2022-10-17 19:18:22.574000+00:00,5.694
ALERT,Axis #2,2022-10-17 19:18:28.378000+00:00,2022-10-17 19:18:34.070000+00:00,5.692
ALERT,Axis #2,2022-10-17 19:20:03.190000+00:00,2022-10-17 19:20:09.004000+00:00,5.814
ALERT,Axis #2,2022-10-17 19:20:14.596000+00:00,2022-10-17 19:20:20.227000+00:00,5.631
ALERT,Axis #2,2022-10-17 19:21:06.200000+00:00,2022-10-17 19:21:12.087000+00:00,5.8870000000000005
ALERT,Axis #2,2022-10-17 19:22:46.902000+00:00,2022-10-17 19:22:52.606000+00:00,5.704
ALERT,Axis #2,2022-10-17 19:23:51.314000+00:00,2022-10-17 19:23:57.034000+00:00,5.72
ALERT,Axis #2,2022-10-17 19:24:37.135000+00:00,2022-10-17 19:24:42.869000+00:00,5.734
ALERT,Axis #2,2022-10-17 19:27:52.756000+00:00,2022-10-17 19:27:58.500000+00:00,5.744
ALERT,Axis #2,2022-10-17 19:28:55.519000+00:00,2022-10-17 19:29:01.379000+00:00,5.86
ALERT,Axis #2,2022-10-17 19:29:35.096000+00:00,2022-10-17 19:29:40.820000+00:00,5.724
ALERT,Axis #2,2022-10-17 19:32:24.238000+00:00,2022-10-17 19:32:30.018000+00:00,5.78
ALERT,Axis #2,2022-10-17 19:34:01.180000+00:00,2022-10-17 19:34:08.871000+00:00,7.691
ALERT,Axis #2,2022-10-17 19:35:08.363000+00:00,2022-10-17 19:35:14.114000+00:00,5.751
ALERT,Axis #2,2022-10-17 19:42:53.522000+00:00,2022-10-17 19:43:01.335000+00:00,7.813
ALERT,Axis #2,2022-10-17 19:45:22.132000+00:00,2022-10-17 19:45:29.943000+00:00,7.811
ALERT,Axis #2,2022-10-17 19:57:37.394000+00:00,2022-10-17 19:57:43.182000+00:00,5.788
ALERT,Axis #2,2022-10-17 19:58:47.853000+00:00,2022-10-17 19:58:57.409000+00:00,9.556000000000001
ALERT,Axis #2,2022-10-17 19:59:45.201000+00:00,2022-10-17 19:59:52.956000+00:00,7.755
ALERT,Axis #2,2022-10-17 20:01:23.696000+00:00,2022-10-17 20:01:29.441000+00:00,5.745
ALERT,Axis #2,2022-10-17 20:05:42.217000+00:00,2022-10-17 20:05:48.066000+00:00,5.849
ALERT,Axis #2,2022-10-17 20:05:51.862000+00:00,2022-10-17 20:06:01.223000+00:00,9.361
ALERT,Axis #2,2022-10-17 20:07:30.838000+00:00,2022-10-17 20:07:36.641000+00:00,5.803
ALERT,Axis #2,2022-10-17 20:09:13.532000+00:00,2022-10-17 20:09:19.427000+00:00,5.895
ALERT,Axis #2,2022-10-17 20:10:06.900000+00:00,2022-10-17 20:10:18.504000+00:00,11.604
ALERT,Axis #2,2022-10-17 20:11:45.679000+00:00,2022-10-17 20:11:53.289000+00:00,7.61
ALERT,Axis #2,2022-10-17 20:20:19.996000+00:00,2022-10-17 20:20:25.748000+00:00,5.752
ALERT,Axis #2,2022-10-17 20:21:16.653000+00:00,2022-10-17 20:21:24.315000+00:00,7.662
ALERT,Axis #2,2022-10-17 20:21:32.089000+00:00,2022-10-17 20:21:37.835000+00:00,5.746
ALERT,Axis #2,2022-10-17 20:23:58.173000+00:00,2022-10-17 20:24:03.918000+00:00,5.745
ALERT,Axis #2,2022-10-17 20:29:28.670000+00:00,2022-10-17 20:29:34.354000+00:00,5.684
ALERT,Axis #2,2022-10-17 20:31:09.335000+00:00,2022-10-17 20:31:15.065000+00:00,5.73
ALERT,Axis #2,2022-10-17 20:32:00.708000+00:00,2022-10-17 20:32:08.311000+00:00,7.603
ALERT,Axis #2,2022-10-17 20:33:05.207000+00:00,2022-10-17 20:33:10.960000+00:00,5.753
ALERT,Axis #2,2022-10-17 20:36:32.346000+00:00,2022-10-17 20:36:47.647000+00:00,15.301
ALERT,Axis #2,2022-10-17 20:39:06.565000+00:00,2022-10-17 20:39:12.330000+00:00,5.765
ALERT,Axis #2,2022-10-17 20:40:57.330000+00:00,2022-10-17 20:41:03.058000+00:00,5.728
ALERT,Axis #2,2022-10-17 20:41:06.964000+00:00,2022-10-17 20:41:12.495000+00:00,5.531
ALERT,Axis #2,2022-10-17 20:43:29.237000+00:00,2022-10-17 20:43:35.094000+00:00,5.857
ALERT,Axis #2,2022-10-17 20:46:13.206000+00:00,2022-10-17 20:46:19.026000+00:00,5.82
ALERT,Axis #2,2022-10-17 20:48:54.706000+00:00,2022-10-17 20:49:00.426000+00:00,5.72
ALERT,Axis #2,2022-10-17 20:49:46.035000+00:00,2022-10-17 20:49:51.875000+00:00,5.84
ALERT,Axis #2,2022-10-17 20:55:55.326000+00:00,2022-10-17 20:56:01.088000+00:00,5.7620000000000005
ALERT,Axis #2,2022-10-17 20:56:48.698000+00:00,2022-10-17 20:56:54.431000+00:00,5.733
ALERT,Axis #2,2022-10-17 20:57:00.127000+00:00,2022-10-17 20:57:07.660000+00:00,7.533
ALERT,Axis #2,2022-10-17 20:58:29.447000+00:00,2022-10-17 20:58:35.088000+00:00,5.641
ALERT,Axis #2,2022-10-17 21:00:42.078000+00:00,2022-10-17 21:00:49.750000+00:00,7.672
ALERT,Axis #2,2022-10-17 21:02:43.807000+00:00,2022-10-17 21:02:51.529000+00:00,7.7219999999999995
ALERT,Axis #2,2022-10-17 21:02:59.129000+00:00,2022-10-17 21:03:06.814000+00:00,7.6850000000000005
ALERT,Axis #2,2022-10-17 21:04:53.300000+00:00,2022-10-17 21:04:59.107000+00:00,5.807
ALERT,Axis #2,2022-10-17 21:06:32.189000+00:00,2022-10-17 21:06:45.619000+00:00,13.43
ALERT,Axis #2,2022-10-17 21:07:14.023000+00:00,2022-10-17 21:07:19.876000+00:00,5.853
ALERT,Axis #2,2022-10-17 21:08:14.716000+00:00,2022-10-17 21:08:20.562000+00:00,5.846
ALERT,Axis #2,2022-10-17 21:10:05.036000+00:00,2022-10-17 21:10:12.861000+00:00,7.825
ALERT,Axis #2,2022-10-17 21:14:06.435000+00:00,2022-10-17 21:14:12.179000+00:00,5.744
ALERT,Axis #2,2022-10-17 21:15:47.175000+00:00,2022-10-17 21:15:54.737000+00:00,7.562
ALERT,Axis #2,2022-10-17 21:19:07.919000+00:00,2022-10-17 21:19:13.539000+00:00,5.62
ALERT,Axis #2,2022-10-17 21:21:14.711000+00:00,2022-10-17 21:21:20.464000+00:00,5.753
ALERT,Axis #2,2022-10-17 21:22:42.429000+00:00,2022-10-17 21:22:50.053000+00:00,7.624
ALERT,Axis #2,2022-10-17 21:26:20.061000+00:00,2022-10-17 21:26:25.826000+00:00,5.765
ALERT,Axis #2,2022-10-17 21:27:11.284000+00:00,2022-10-17 21:27:17.044000+00:00,5.76
ALERT,Axis #2,2022-10-17 21:28:02.690000+00:00,2022-10-17 21:28:08.583000+00:00,5.893
ALERT,Axis #2,2022-10-17 21:30:34.627000+00:00,2022-10-17 21:30:42.326000+00:00,7.699
ALERT,Axis #2,2022-10-17 21:32:54.959000+00:00,2022-10-17 21:33:04.649000+00:00,9.69
ALERT,Axis #2,2022-10-17 21:34:35.550000+00:00,2022-10-17 21:34:41.347000+00:00,5.797
ALERT,Axis #2,2022-10-17 21:35:42.512000+00:00,2022-10-17 21:35:48.394000+00:00,5.882
ALERT,Axis #2,2022-10-17 21:37:23.506000+00:00,2022-10-17 21:37:29.315000+00:00,5.809
ALERT,Axis #2,2022-10-17 22:16:12.284000+00:00,2022-10-17 22:16:17.897000+00:00,5.6129999999999995
ALERT,Axis #2,2022-10-17 22:18:12.274000+00:00,2022-10-17 22:18:19.909000+00:00,7.635
ALERT,Axis #2,2022-10-17 22:19:51.785000+00:00,2022-10-17 22:19:57.607000+00:00,5.822
ALERT,Axis #2,2022-10-17 22:22:25.727000+00:00,2022-10-17 22:22:33.301000+00:00,7.574
ALERT,Axis #2,2022-10-17 22:23:21.022000+00:00,2022-10-17 22:23:26.762000+00:00,5.74
ALERT,Axis #2,2022-10-17 22:24:21.608000+00:00,2022-10-17 22:24:27.394000+00:00,5.786
ALERT,Axis #2,2022-10-17 22:25:07.276000+00:00,2022-10-17 22:25:13.050000+00:00,5.774
ALERT,Axis #2,2022-10-17 22:28:26.801000+00:00,2022-10-17 22:28:36.149000+00:00,9.348
ALERT,Axis #2,2022-10-17 22:29:58.049000+00:00,2022-10-17 22:30:03.940000+00:00,5.891
ALERT,Axis #2,2022-10-17 22:30:45.787000+00:00,2022-10-17 22:30:51.590000+00:00,5.803
ALERT,Axis #2,2022-10-17 22:34:37.838000+00:00,2022-10-17 22:34:43.539000+00:00,5.701
ALERT,Axis #2,2022-10-17 22:36:07.503000+00:00,2022-10-17 22:36:13.286000+00:00,5.783
ALERT,Axis #2,2022-10-17 22:37:46.662000+00:00,2022-10-17 22:37:52.627000+00:00,5.965
ALERT,Axis #2,2022-10-17 22:44:00.819000+00:00,2022-10-17 22:44:06.431000+00:00,5.612
ALERT,Axis #2,2022-10-17 22:45:03.736000+00:00,2022-10-17 22:45:09.558000+00:00,5.822
ALERT,Axis #2,2022-10-17 22:46:26.176000+00:00,2022-10-17 22:46:31.950000+00:00,5.774
ALERT,Axis #2,2022-10-17 22:48:52.237000+00:00,2022-10-17 22:48:58.204000+00:00,5.967
ALERT,Axis #2,2022-10-17 22:54:44.252000+00:00,2022-10-17 22:54:49.974000+00:00,5.7219999999999995
ALERT,Axis #2,2022-10-17 22:56:23.190000+00:00,2022-10-17 22:56:30.847000+00:00,7.657
ALERT,Axis #2,2022-10-17 22:57:16.571000+00:00,2022-10-17 22:57:22.298000+00:00,5.727
ALERT,Axis #2,2022-10-17 23:00:03.561000+00:00,2022-10-17 23:00:13.092000+00:00,9.531
ALERT,Axis #2,2022-10-17 23:01:34.806000+00:00,2022-10-17 23:01:40.518000+00:00,5.712
ALERT,Axis #2,2022-10-17 23:03:05.669000+00:00,2022-10-17 23:03:13.472000+00:00,7.803
ALERT,Axis #2,2022-10-17 23:03:59.112000+00:00,2022-10-17 23:04:04.973000+00:00,5.861
ALERT,Axis #2,2022-10-17 23:04:37.151000+00:00,2022-10-17 23:04:42.863000+00:00,5.712
ALERT,Axis #2,2022-10-17 23:05:31.928000+00:00,2022-10-17 23:05:39.711000+00:00,7.783
ALERT,Axis #2,2022-10-17 23:05:43.496000+00:00,2022-10-17 23:05:55.065000+00:00,11.568999999999999
ALERT,Axis #2,2022-10-17 23:09:04.932000+00:00,2022-10-17 23:09:10.712000+00:00,5.78
ALERT,Axis #2,2022-10-17 23:10:25.606000+00:00,2022-10-17 23:10:31.338000+00:00,5.732
ALERT,Axis #2,2022-10-17 23:10:38.957000+00:00,2022-10-17 23:10:44.690000+00:00,5.733
ALERT,Axis #2,2022-10-17 23:12:19.394000+00:00,2022-10-17 23:12:25.393000+00:00,5.999
ALERT,Axis #2,2022-10-17 23:13:11.023000+00:00,2022-10-17 23:13:16.805000+00:00,5.782
ALERT,Axis #2,2022-10-17 23:16:09.999000+00:00,2022-10-17 23:16:19.506000+00:00,9.507
ALERT,Axis #2,2022-10-17 23:17:04.887000+00:00,2022-10-17 23:17:10.762000+00:00,5.875
ALERT,Axis #2,2022-10-17 23:20:45.948000+00:00,2022-10-17 23:20:51.816000+00:00,5.868
ALERT,Axis #2,2022-10-17 23:21:52.148000+00:00,2022-10-17 23:21:59.815000+00:00,7.667
ALERT,Axis #2,2022-10-17 23:24:56.715000+00:00,2022-10-17 23:25:02.413000+00:00,5.698
ALERT,Axis #2,2022-10-17 23:26:46.898000+00:00,2022-10-17 23:26:52.750000+00:00,5.852
ALERT,Axis #2,2022-10-17 23:28:42.722000+00:00,2022-10-17 23:28:48.580000+00:00,5.858
ALERT,Axis #2,2022-10-17 23:28:52.470000+00:00,2022-10-17 23:28:58.310000+00:00,5.84
ALERT,Axis #2,2022-10-17 23:29:32.743000+00:00,2022-10-17 23:29:38.581000+00:00,5.838
ALERT,Axis #2,2022-10-17 23:30:39.449000+00:00,2022-10-17 23:30:45.060000+00:00,5.611
ALERT,Axis #2,2022-10-17 23:31:39.906000+00:00,2022-10-17 23:31:45.627000+00:00,5.721
ALERT,Axis #2,2022-10-17 23:32:17.715000+00:00,2022-10-17 23:32:25.331000+00:00,7.616
ALERT,Axis #2,2022-10-17 23:32:30.932000+00:00,2022-10-17 23:32:40.649000+00:00,9.717
ALERT,Axis #2,2022-10-17 23:34:18.150000+00:00,2022-10-17 23:34:23.911000+00:00,5.761
ALERT,Axis #2,2022-10-17 23:36:20.303000+00:00,2022-10-17 23:36:26.085000+00:00,5.782
ALERT,Axis #2,2022-10-17 23:37:01.941000+00:00,2022-10-17 23:37:07.706000+00:00,5.765
ALERT,Axis #2,2022-10-17 23:37:54.642000+00:00,2022-10-17 23:38:00.463000+00:00,5.821
ALERT,Axis #2,2022-10-17 23:39:09.094000+00:00,2022-10-17 23:39:14.807000+00:00,5.713
ALERT,Axis #2,2022-10-17 23:39:18.633000+00:00,2022-10-17 23:39:24.571000+00:00,5.938
ALERT,Axis #2,2022-10-17 23:39:58.608000+00:00,2022-10-17 23:40:04.353000+00:00,5.745
ALERT,Axis #2,2022-10-17 23:40:08.237000+00:00,2022-10-17 23:40:19.776000+00:00,11.539
ALERT,Axis #2,2022-10-17 23:45:17.691000+00:00,2022-10-17 23:45:23.457000+00:00,5.766
ALERT,Axis #2,2022-10-17 23:47:27.078000+00:00,2022-10-17 23:47:32.830000+00:00,5.752
ALERT,Axis #2,2022-10-17 23:48:59.989000+00:00,2022-10-17 23:49:05.744000+00:00,5.755
ALERT,Axis #2,2022-10-17 23:49:55.375000+00:00,2022-10-17 23:50:02.938000+00:00,7.563
ALERT,Axis #2,2022-10-17 23:52:42.509000+00:00,2022-10-17 23:52:48.319000+00:00,5.8100000000000005
ALERT,Axis #2,2022-10-17 23:52:54.096000+00:00,2022-10-17 23:52:59.731000+00:00,5.635
ALERT,Axis #2,2022-10-17 23:57:05.855000+00:00,2022-10-17 23:57:11.690000+00:00,5.835
ALERT,Axis #2,2022-10-18 00:03:44.853000+00:00,2022-10-18 00:03:50.377000+00:00,5.524
ALERT,Axis #2,2022-10-18 00:06:32.080000+00:00,2022-10-18 00:06:41.810000+00:00,9.73
ALERT,Axis #2,2022-10-18 00:10:08.642000+00:00,2022-10-18 00:10:14.425000+00:00,5.783
ALERT,Axis #2,2022-10-18 00:12:06.723000+00:00,2022-10-18 00:12:14.394000+00:00,7.671
ALERT,Axis #2,2022-10-18 00:16:20.492000+00:00,2022-10-18 00:16:26.150000+00:00,5.658
ALERT,Axis #2,2022-10-18 00:16:30.069000+00:00,2022-10-18 00:16:35.769000+00:00,5.7
ALERT,Axis #2,2022-10-18 00:40:34.378000+00:00,2022-10-18 00:40:42.034000+00:00,7.656
ALERT,Axis #2,2022-10-18 00:43:10.331000+00:00,2022-10-18 00:43:16.095000+00:00,5.764
ALERT,Axis #2,2022-10-18 00:44:16.596000+00:00,2022-10-18 00:44:22.321000+00:00,5.725
ALERT,Axis #2,2022-10-18 00:45:55.377000+00:00,2022-10-18 00:46:02.957000+00:00,7.58
ALERT,Axis #2,2022-10-18 00:46:52.262000+00:00,2022-10-18 00:46:58.054000+00:00,5.792
ALERT,Axis #2,2022-10-18 00:48:32.924000+00:00,2022-10-18 00:48:40.596000+00:00,7.672
ALERT,Axis #2,2022-10-18 00:48:53.769000+00:00,2022-10-18 00:48:59.534000+00:00,5.765
ALERT,Axis #2,2022-10-18 00:49:39.488000+00:00,2022-10-18 00:49:45.120000+00:00,5.632
ALERT,Axis #2,2022-10-18 00:52:09.315000+00:00,2022-10-18 00:52:15.170000+00:00,5.855
ALERT,Axis #2,2022-10-18 00:52:18.996000+00:00,2022-10-18 00:52:28.721000+00:00,9.725
ALERT,Axis #2,2022-10-18 00:57:42.317000+00:00,2022-10-18 00:57:48.211000+00:00,5.894
ALERT,Axis #2,2022-10-18 01:02:02.894000+00:00,2022-10-18 01:02:10.642000+00:00,7.748
ALERT,Axis #2,2022-10-18 01:03:39.485000+00:00,2022-10-18 01:03:45.128000+00:00,5.643
ALERT,Axis #2,2022-10-18 01:07:21.184000+00:00,2022-10-18 01:07:28.856000+00:00,7.672
ALERT,Axis #2,2022-10-18 01:09:18.909000+00:00,2022-10-18 01:09:30.373000+00:00,11.464
ALERT,Axis #2,2022-10-18 01:15:57.959000+00:00,2022-10-18 01:16:07.447000+00:00,9.488
ALERT,Axis #2,2022-10-18 01:16:47.845000+00:00,2022-10-18 01:16:53.689000+00:00,5.844
ALERT,Axis #2,2022-10-18 01:23:28.506000+00:00,2022-10-18 01:23:34.179000+00:00,5.673
ALERT,Axis #2,2022-10-18 01:34:26.830000+00:00,2022-10-18 01:34:38.330000+00:00,11.5
ALERT,Axis #2,2022-10-18 01:35:18.300000+00:00,2022-10-18 01:35:24.065000+00:00,5.765
ALERT,Axis #2,2022-10-18 01:36:15.136000+00:00,2022-10-18 01:36:21.101000+00:00,5.965
ALERT,Axis #2,2022-10-18 01:37:08.284000+00:00,2022-10-18 01:37:14.054000+00:00,5.77
ALERT,Axis #2,2022-10-18 01:38:51.530000+00:00,2022-10-18 01:38:59.256000+00:00,7.726
ALERT,Axis #2,2022-10-18 01:39:46.319000+00:00,2022-10-18 01:39:52.189000+00:00,5.87
ALERT,Axis #2,2022-10-18 01:42:50.630000+00:00,2022-10-18 01:43:02.237000+00:00,11.607
ALERT,Axis #2,2022-10-18 01:43:40.265000+00:00,2022-10-18 01:43:46.160000+00:00,5.895
ALERT,Axis #2,2022-10-18 01:44:35.565000+00:00,2022-10-18 01:44:41.408000+00:00,5.843
ALERT,Axis #2,2022-10-18 01:55:02.518000+00:00,2022-10-18 01:55:08.291000+00:00,5.773
ALERT,Axis #2,2022-10-18 02:03:05.790000+00:00,2022-10-18 02:03:11.674000+00:00,5.884
ALERT,Axis #2,2022-10-18 02:06:05.480000+00:00,2022-10-18 02:06:11.153000+00:00,5.673
ALERT,Axis #2,2022-10-18 02:09:19.204000+00:00,2022-10-18 02:09:26.803000+00:00,7.599
ALERT,Axis #2,2022-10-18 02:11:06.091000+00:00,2022-10-18 02:11:11.897000+00:00,5.806
ALERT,Axis #2,2022-10-18 02:11:41.864000+00:00,2022-10-18 02:11:47.749000+00:00,5.885
ALERT,Axis #2,2022-10-18 02:13:41.787000+00:00,2022-10-18 02:13:51.329000+00:00,9.542
ALERT,Axis #2,2022-10-18 02:14:42.717000+00:00,2022-10-18 02:14:48.441000+00:00,5.724
ALERT,Axis #2,2022-10-18 02:15:28.626000+00:00,2022-10-18 02:15:36.186000+00:00,7.5600000000000005
ALERT,Axis #2,2022-10-18 02:18:04.275000+00:00,2022-10-18 02:18:10.037000+00:00,5.7620000000000005
ALERT,Axis #2,2022-10-18 02:19:14.418000+00:00,2022-10-18 02:19:20.222000+00:00,5.804
ALERT,Axis #2,2022-10-18 02:23:23.257000+00:00,2022-10-18 02:23:30.981000+00:00,7.724
ALERT,Axis #2,2022-10-18 02:23:34.918000+00:00,2022-10-18 02:23:46.486000+00:00,11.568
ALERT,Axis #2,2022-10-18 02:25:33.008000+00:00,2022-10-18 02:25:38.772000+00:00,5.764
ALERT,Axis #2,2022-10-18 02:27:08.316000+00:00,2022-10-18 02:27:16.029000+00:00,7.713
ALERT,Axis #2,2022-10-18 02:29:08.080000+00:00,2022-10-18 02:29:13.721000+00:00,5.641
ALERT,Axis #2,2022-10-18 02:33:16.544000+00:00,2022-10-18 02:33:22.340000+00:00,5.796
ALERT,Axis #2,2022-10-18 02:33:28.285000+00:00,2022-10-18 02:33:38.019000+00:00,9.734
ALERT,Axis #2,2022-10-18 02:39:13.259000+00:00,2022-10-18 02:39:19.053000+00:00,5.7940000000000005
ALERT,Axis #2,2022-10-18 02:41:41.580000+00:00,2022-10-18 02:41:47.300000+00:00,5.72
ALERT,Axis #2,2022-10-18 02:47:02.946000+00:00,2022-10-18 02:47:08.770000+00:00,5.824
ALERT,Axis #2,2022-10-18 02:47:16.370000+00:00,2022-10-18 02:47:23.940000+00:00,7.57
ALERT,Axis #2,2022-10-18 02:48:57.268000+00:00,2022-10-18 02:49:03.142000+00:00,5.874
ALERT,Axis #2,2022-10-18 03:05:35.050000+00:00,2022-10-18 03:05:42.598000+00:00,7.548
ALERT,Axis #2,2022-10-18 03:06:30.112000+00:00,2022-10-18 03:06:37.467000+00:00,7.355
ALERT,Axis #2,2022-10-18 03:07:03.901000+00:00,2022-10-18 03:07:09.565000+00:00,5.664
ALERT,Axis #2,2022-10-18 06:05:14.882000+00:00,2022-10-18 06:05:19.041000+00:00,4.159
ALERT,Axis #2,2022-10-18 06:07:27.581000+00:00,2022-10-18 06:07:33.147000+00:00,5.566
ALERT,Axis #2,2022-10-18 06:09:30.620000+00:00,2022-10-18 06:09:36.241000+00:00,5.621
ALERT,Axis #2,2022-10-18 06:11:55.441000+00:00,2022-10-18 06:12:01.346000+00:00,5.905
ALERT,Axis #2,2022-10-18 06:12:07.115000+00:00,2022-10-18 06:12:12.908000+00:00,5.793
ALERT,Axis #2,2022-10-18 06:34:32.413000+00:00,2022-10-18 06:34:38.124000+00:00,5.711
ALERT,Axis #2,2022-10-18 06:50:30.839000+00:00,2022-10-18 06:50:36.706000+00:00,5.867
ALERT,Axis #2,2022-10-18 06:51:34.034000+00:00,2022-10-18 06:51:39.722000+00:00,5.688
ALERT,Axis #2,2022-10-18 07:02:27.334000+00:00,2022-10-18 07:02:33.082000+00:00,5.748
ALERT,Axis #2,2022-10-18 07:02:40.742000+00:00,2022-10-18 07:02:46.550000+00:00,5.808
ALERT,Axis #2,2022-10-18 07:03:48.810000+00:00,2022-10-18 07:03:54.502000+00:00,5.692
ALERT,Axis #2,2022-10-18 07:04:36.268000+00:00,2022-10-18 07:04:43.814000+00:00,7.546
ALERT,Axis #2,2022-10-18 07:07:12.034000+00:00,2022-10-18 07:07:17.672000+00:00,5.638
ALERT,Axis #2,2022-10-18 07:09:06.239000+00:00,2022-10-18 07:09:12.021000+00:00,5.782
ALERT,Axis #2,2022-10-18 07:09:55.300000+00:00,2022-10-18 07:10:01.080000+00:00,5.78
ALERT,Axis #2,2022-10-18 07:11:58.814000+00:00,2022-10-18 07:12:04.752000+00:00,5.938
ALERT,Axis #2,2022-10-18 07:16:44.924000+00:00,2022-10-18 07:16:52.425000+00:00,7.501
ALERT,Axis #2,2022-10-18 07:20:36.652000+00:00,2022-10-18 07:20:42.315000+00:00,5.663
ALERT,Axis #2,2022-10-18 07:20:49.999000+00:00,2022-10-18 07:20:55.709000+00:00,5.71
ALERT,Axis #2,2022-10-18 07:23:31.041000+00:00,2022-10-18 07:23:36.754000+00:00,5.713
ALERT,Axis #2,2022-10-18 07:24:32.534000+00:00,2022-10-18 07:24:38.253000+00:00,5.719
ALERT,Axis #2,2022-10-18 07:25:22.091000+00:00,2022-10-18 07:25:27.794000+00:00,5.703
ALERT,Axis #2,2022-10-18 07:26:47.467000+00:00,2022-10-18 07:26:53.222000+00:00,5.755
ALERT,Axis #2,2022-10-18 07:32:05.815000+00:00,2022-10-18 07:32:11.657000+00:00,5.842
ALERT,Axis #2,2022-10-18 07:32:40.205000+00:00,2022-10-18 07:32:46.008000+00:00,5.803
ALERT,Axis #2,2022-10-18 07:38:37.776000+00:00,2022-10-18 07:38:43.489000+00:00,5.713
ALERT,Axis #2,2022-10-18 07:40:25.851000+00:00,2022-10-18 07:40:33.658000+00:00,7.807
ALERT,Axis #2,2022-10-18 07:41:21.114000+00:00,2022-10-18 07:41:26.763000+00:00,5.649
ALERT,Axis #2,2022-10-18 07:42:10.607000+00:00,2022-10-18 07:42:16.221000+00:00,5.614
ALERT,Axis #2,2022-10-18 07:42:22.018000+00:00,2022-10-18 07:42:27.676000+00:00,5.658
ALERT,Axis #2,2022-10-18 07:45:49.409000+00:00,2022-10-18 07:45:55.253000+00:00,5.844
ALERT,Axis #2,2022-10-18 07:47:01.298000+00:00,2022-10-18 07:47:06.868000+00:00,5.57
ALERT,Axis #2,2022-10-18 07:48:44.401000+00:00,2022-10-18 07:48:50.135000+00:00,5.734
ALERT,Axis #2,2022-10-18 07:49:26.023000+00:00,2022-10-18 07:49:31.742000+00:00,5.719
ALERT,Axis #2,2022-10-18 07:50:19.788000+00:00,2022-10-18 07:50:27.397000+00:00,7.609
ALERT,Axis #2,2022-10-18 07:50:31.243000+00:00,2022-10-18 07:50:36.974000+00:00,5.731
ALERT,Axis #2,2022-10-18 07:56:14.893000+00:00,2022-10-18 07:56:22.428000+00:00,7.535
ALERT,Axis #2,2022-10-18 08:03:01.758000+00:00,2022-10-18 08:03:07.502000+00:00,5.744
ALERT,Axis #2,2022-10-18 08:04:51.910000+00:00,2022-10-18 08:05:01.336000+00:00,9.426
ALERT,Axis #2,2022-10-18 08:06:21.253000+00:00,2022-10-18 08:06:28.957000+00:00,7.704
ALERT,Axis #2,2022-10-18 08:09:29.173000+00:00,2022-10-18 08:09:34.896000+00:00,5.723
ALERT,Axis #2,2022-10-18 08:09:38.707000+00:00,2022-10-18 08:09:44.516000+00:00,5.809
ALERT,Axis #2,2022-10-18 08:10:34.066000+00:00,2022-10-18 08:10:39.706000+00:00,5.64
ALERT,Axis #2,2022-10-18 08:11:26.975000+00:00,2022-10-18 08:11:36.582000+00:00,9.607
ALERT,Axis #2,2022-10-18 08:12:50.066000+00:00,2022-10-18 08:12:55.846000+00:00,5.78
ALERT,Axis #2,2022-10-18 08:13:54.540000+00:00,2022-10-18 08:13:58.549000+00:00,4.009
ALERT,Axis #2,2022-10-18 08:19:04.893000+00:00,2022-10-18 08:19:12.614000+00:00,7.721
ALERT,Axis #2,2022-10-18 08:28:36.690000+00:00,2022-10-18 08:28:42.423000+00:00,5.733
ALERT,Axis #2,2022-10-18 08:32:43.547000+00:00,2022-10-18 08:32:49.254000+00:00,5.707
ALERT,Axis #2,2022-10-18 08:37:09.711000+00:00,2022-10-18 08:37:15.542000+00:00,5.8309999999999995
ALERT,Axis #2,2022-10-18 08:42:12.644000+00:00,2022-10-18 08:42:18.413000+00:00,5.769
ALERT,Axis #2,2022-10-18 08:59:09.330000+00:00,2022-10-18 08:59:15.141000+00:00,5.811
ALERT,Axis #2,2022-10-18 08:59:18.865000+00:00,2022-10-18 08:59:24.740000+00:00,5.875
ALERT,Axis #2,2022-10-18 09:00:12.027000+00:00,2022-10-18 09:00:17.846000+00:00,5.819
ALERT,Axis #2,2022-10-18 09:03:02.904000+00:00,2022-10-18 09:03:08.666000+00:00,5.7620000000000005
ALERT,Axis #2,2022-10-18 09:04:30.472000+00:00,2022-10-18 09:04:36.237000+00:00,5.765
ALERT,Axis #2,2022-10-18 09:06:34.419000+00:00,2022-10-18 09:06:42.112000+00:00,7.693
ALERT,Axis #2,2022-10-18 09:07:25.884000+00:00,2022-10-18 09:07:31.733000+00:00,5.849
ALERT,Axis #2,2022-10-18 09:12:10.937000+00:00,2022-10-18 09:12:16.733000+00:00,5.796
ALERT,Axis #2,2022-10-18 09:13:13.495000+00:00,2022-10-18 09:13:21.065000+00:00,7.57
ALERT,Axis #2,2022-10-18 09:15:09.405000+00:00,2022-10-18 09:15:15.191000+00:00,5.786
ALERT,Axis #2,2022-10-18 09:15:51.313000+00:00,2022-10-18 09:15:57.012000+00:00,5.699
ALERT,Axis #2,2022-10-18 09:18:40.840000+00:00,2022-10-18 09:18:50.518000+00:00,9.678
ALERT,Axis #2,2022-10-18 09:21:31.643000+00:00,2022-10-18 09:21:41.251000+00:00,9.608
ALERT,Axis #2,2022-10-18 09:25:58.129000+00:00,2022-10-18 09:26:07.799000+00:00,9.67
ALERT,Axis #2,2022-10-18 09:26:58.753000+00:00,2022-10-18 09:27:04.474000+00:00,5.721
ALERT,Axis #2,2022-10-18 09:27:46.534000+00:00,2022-10-18 09:27:52.296000+00:00,5.7620000000000005
ALERT,Axis #2,2022-10-18 09:29:27.573000+00:00,2022-10-18 09:29:33.305000+00:00,5.732
ALERT,Axis #2,2022-10-18 09:30:22.297000+00:00,2022-10-18 09:30:27.847000+00:00,5.55
ALERT,Axis #2,2022-10-18 09:40:56.435000+00:00,2022-10-18 09:41:04.240000+00:00,7.805
ALERT,Axis #2,2022-10-18 09:46:17.800000+00:00,2022-10-18 09:46:23.486000+00:00,5.686
ALERT,Axis #2,2022-10-18 09:46:29.221000+00:00,2022-10-18 09:46:35.020000+00:00,5.799
ALERT,Axis #2,2022-10-18 09:48:13.507000+00:00,2022-10-18 09:48:21.237000+00:00,7.73
ALERT,Axis #2,2022-10-18 09:49:18.106000+00:00,2022-10-18 09:49:23.881000+00:00,5.775
ALERT,Axis #2,2022-10-18 09:53:06.304000+00:00,2022-10-18 09:53:12.129000+00:00,5.825
ALERT,Axis #2,2022-10-18 09:54:37.380000+00:00,2022-10-18 09:54:43.183000+00:00,5.803
ALERT,Axis #2,2022-10-18 09:55:40.010000+00:00,2022-10-18 09:55:47.714000+00:00,7.704
ALERT,Axis #2,2022-10-18 10:00:09.678000+00:00,2022-10-18 10:00:15.534000+00:00,5.856
ALERT,Axis #2,2022-10-18 10:01:08.537000+00:00,2022-10-18 10:01:14.288000+00:00,5.751
ALERT,Axis #2,2022-10-18 10:06:59.065000+00:00,2022-10-18 10:07:04.747000+00:00,5.682
ALERT,Axis #2,2022-10-18 10:07:12.534000+00:00,2022-10-18 10:07:20.069000+00:00,7.535
ALERT,Axis #2,2022-10-18 10:10:28.462000+00:00,2022-10-18 10:10:34.236000+00:00,5.774
ALERT,Axis #2,2022-10-18 10:11:35.035000+00:00,2022-10-18 10:11:40.690000+00:00,5.655
ALERT,Axis #2,2022-10-18 10:14:12.730000+00:00,2022-10-18 10:14:18.459000+00:00,5.729
ALERT,Axis #2,2022-10-18 10:15:09.721000+00:00,2022-10-18 10:15:24.946000+00:00,15.225
ALERT,Axis #2,2022-10-18 10:16:16.071000+00:00,2022-10-18 10:16:25.617000+00:00,9.546
ALERT,Axis #2,2022-10-18 10:17:49.300000+00:00,2022-10-18 10:17:57.002000+00:00,7.702
ALERT,Axis #2,2022-10-18 10:21:45.043000+00:00,2022-10-18 10:21:50.858000+00:00,5.8149999999999995
ALERT,Axis #2,2022-10-18 10:24:34.848000+00:00,2022-10-18 10:24:40.530000+00:00,5.682
ALERT,Axis #2,2022-10-18 10:25:59.987000+00:00,2022-10-18 10:26:07.648000+00:00,7.661
ALERT,Axis #2,2022-10-18 10:30:39.081000+00:00,2022-10-18 10:30:44.912000+00:00,5.8309999999999995
ALERT,Axis #2,2022-10-18 10:30:48.809000+00:00,2022-10-18 10:30:54.615000+00:00,5.806
ALERT,Axis #2,2022-10-18 10:32:44.293000+00:00,2022-10-18 10:32:49.945000+00:00,5.652
ALERT,Axis #2,2022-10-18 10:33:35.810000+00:00,2022-10-18 10:33:43.556000+00:00,7.746
ALERT,Axis #2,2022-10-18 10:35:03.042000+00:00,2022-10-18 10:35:08.804000+00:00,5.7620000000000005
ALERT,Axis #2,2022-10-18 10:36:05.796000+00:00,2022-10-18 10:36:11.590000+00:00,5.7940000000000005
ALERT,Axis #2,2022-10-18 10:38:24.632000+00:00,2022-10-18 10:38:32.356000+00:00,7.724
ALERT,Axis #2,2022-10-18 10:40:19.143000+00:00,2022-10-18 10:40:24.825000+00:00,5.682
ERROR,Axis #2,2022-10-17 21:15:09.382000+00:00,2022-10-17 21:15:15.207000+00:00,5.825
ERROR,Axis #2,2022-10-17 23:18:15.022000+00:00,2022-10-17 23:18:20.867000+00:00,5.845
ALERT,Axis #3,2022-10-17 12:21:56.089000+00:00,2022-10-17 12:22:01.847000+00:00,5.758
ALERT,Axis #3,2022-10-17 12:24:56.856000+00:00,2022-10-17 12:25:02.642000+00:00,5.786
ALERT,Axis #3,2022-10-17 12:25:59.531000+00:00,2022-10-17 12:26:08.966000+00:00,9.435
ALERT,Axis #3,2022-10-17 12:38:14.730000+00:00,2022-10-17 12:38:20.601000+00:00,5.871
ALERT,Axis #3,2022-10-17 12:45:00.397000+00:00,2022-10-17 12:45:12.063000+00:00,11.666
ALERT,Axis #3,2022-10-17 12:46:43.629000+00:00,2022-10-17 12:46:49.351000+00:00,5.7219999999999995
ALERT,Axis #3,2022-10-17 13:07:44.934000+00:00,2022-10-17 13:07:50.809000+00:00,5.875
ALERT,Axis #3,2022-10-17 13:08:47.752000+00:00,2022-10-17 13:08:53.484000+00:00,5.732
ALERT,Axis #3,2022-10-17 13:12:05.114000+00:00,2022-10-17 13:12:11.049000+00:00,5.9350000000000005
ALERT,Axis #3,2022-10-17 13:12:48.884000+00:00,2022-10-17 13:12:54.597000+00:00,5.713
ALERT,Axis #3,2022-10-17 13:13:38.409000+00:00,2022-10-17 13:13:51.973000+00:00,13.564
ALERT,Axis #3,2022-10-17 13:14:41.624000+00:00,2022-10-17 13:14:47.409000+00:00,5.785
ALERT,Axis #3,2022-10-17 13:16:14.488000+00:00,2022-10-17 13:16:20.227000+00:00,5.739
ALERT,Axis #3,2022-10-17 13:18:36.934000+00:00,2022-10-17 13:18:48.319000+00:00,11.385
ALERT,Axis #3,2022-10-17 13:19:20.820000+00:00,2022-10-17 13:19:26.562000+00:00,5.742
ALERT,Axis #3,2022-10-17 13:20:29.272000+00:00,2022-10-17 13:20:35.113000+00:00,5.841
ALERT,Axis #3,2022-10-17 13:22:24.910000+00:00,2022-10-17 13:22:30.705000+00:00,5.795
ALERT,Axis #3,2022-10-17 13:26:15.184000+00:00,2022-10-17 13:26:21.082000+00:00,5.898
ALERT,Axis #3,2022-10-17 13:46:44.958000+00:00,2022-10-17 13:46:50.621000+00:00,5.663
ALERT,Axis #3,2022-10-17 13:49:24.230000+00:00,2022-10-17 13:49:30.014000+00:00,5.784
ALERT,Axis #3,2022-10-17 13:51:34.909000+00:00,2022-10-17 13:51:44.442000+00:00,9.533
ALERT,Axis #3,2022-10-17 13:52:26.211000+00:00,2022-10-17 13:52:31.812000+00:00,5.601
ALERT,Axis #3,2022-10-17 13:54:08.664000+00:00,2022-10-17 13:54:18.378000+00:00,9.714
ALERT,Axis #3,2022-10-17 13:55:55.210000+00:00,2022-10-17 13:56:02.679000+00:00,7.469
ALERT,Axis #3,2022-10-17 13:59:16.612000+00:00,2022-10-17 13:59:22.355000+00:00,5.743
ALERT,Axis #3,2022-10-17 14:01:04.742000+00:00,2022-10-17 14:01:08.759000+00:00,4.017
ALERT,Axis #3,2022-10-17 14:02:12.005000+00:00,2022-10-17 14:02:17.687000+00:00,5.682
ALERT,Axis #3,2022-10-17 14:06:44.946000+00:00,2022-10-17 14:06:50.613000+00:00,5.667
ALERT,Axis #3,2022-10-17 14:07:30.613000+00:00,2022-10-17 14:07:36.415000+00:00,5.802
ALERT,Axis #3,2022-10-17 14:12:32.949000+00:00,2022-10-17 14:12:40.622000+00:00,7.673
ALERT,Axis #3,2022-10-17 14:20:38.426000+00:00,2022-10-17 14:20:44.026000+00:00,5.6
ALERT,Axis #3,2022-10-17 14:21:29.583000+00:00,2022-10-17 14:21:35.480000+00:00,5.897
ALERT,Axis #3,2022-10-17 14:33:22.683000+00:00,2022-10-17 14:33:34.209000+00:00,11.526
ALERT,Axis #3,2022-10-17 14:34:04.452000+00:00,2022-10-17 14:34:10.241000+00:00,5.789
ALERT,Axis #3,2022-10-17 14:43:45.136000+00:00,2022-10-17 14:43:54.746000+00:00,9.61
ALERT,Axis #3,2022-10-17 14:44:44.197000+00:00,2022-10-17 14:44:49.959000+00:00,5.7620000000000005
ALERT,Axis #3,2022-10-17 14:46:32.937000+00:00,2022-10-17 14:46:46.410000+00:00,13.473
ALERT,Axis #3,2022-10-17 14:47:17.091000+00:00,2022-10-17 14:47:24.754000+00:00,7.663
ALERT,Axis #3,2022-10-17 14:55:04.963000+00:00,2022-10-17 14:55:12.833000+00:00,7.87
ALERT,Axis #3,2022-10-17 14:58:21.983000+00:00,2022-10-17 14:58:27.790000+00:00,5.807
ALERT,Axis #3,2022-10-17 15:06:48.255000+00:00,2022-10-17 15:06:55.852000+00:00,7.5969999999999995
ALERT,Axis #3,2022-10-17 15:19:04.179000+00:00,2022-10-17 15:19:09.998000+00:00,5.819
ALERT,Axis #3,2022-10-17 15:23:28.637000+00:00,2022-10-17 15:23:36.502000+00:00,7.865
ALERT,Axis #3,2022-10-17 15:27:10.822000+00:00,2022-10-17 15:27:18.482000+00:00,7.66
ALERT,Axis #3,2022-10-17 15:31:34.717000+00:00,2022-10-17 15:31:46.358000+00:00,11.641
ALERT,Axis #3,2022-10-17 15:34:06.141000+00:00,2022-10-17 15:34:11.926000+00:00,5.785
ALERT,Axis #3,2022-10-17 17:33:26.486000+00:00,2022-10-17 17:33:34.117000+00:00,7.631
ALERT,Axis #3,2022-10-17 17:40:11.780000+00:00,2022-10-17 17:40:21.373000+00:00,9.593
ALERT,Axis #3,2022-10-17 17:59:35.565000+00:00,2022-10-17 17:59:43.456000+00:00,7.891
ALERT,Axis #3,2022-10-17 18:00:25.128000+00:00,2022-10-17 18:00:32.905000+00:00,7.777
ALERT,Axis #3,2022-10-17 18:09:26.641000+00:00,2022-10-17 18:09:34.384000+00:00,7.743
ALERT,Axis #3,2022-10-17 18:10:40.504000+00:00,2022-10-17 18:10:46.132000+00:00,5.628
ALERT,Axis #3,2022-10-17 18:16:01.670000+00:00,2022-10-17 18:16:09.119000+00:00,7.449
ALERT,Axis #3,2022-10-17 18:23:21.006000+00:00,2022-10-17 18:23:26.814000+00:00,5.808
ALERT,Axis #3,2022-10-17 18:26:32.940000+00:00,2022-10-17 18:26:40.690000+00:00,7.75
ALERT,Axis #3,2022-10-17 18:28:30.976000+00:00,2022-10-17 18:28:36.746000+00:00,5.77
ALERT,Axis #3,2022-10-17 18:29:20.256000+00:00,2022-10-17 18:29:33.517000+00:00,13.261
ALERT,Axis #3,2022-10-17 18:33:12.181000+00:00,2022-10-17 18:33:19.867000+00:00,7.686
ALERT,Axis #3,2022-10-17 18:38:28.285000+00:00,2022-10-17 18:38:37.956000+00:00,9.671
ALERT,Axis #3,2022-10-17 18:53:44.025000+00:00,2022-10-17 18:53:49.800000+00:00,5.775
ALERT,Axis #3,2022-10-17 18:58:00.929000+00:00,2022-10-17 18:58:06.878000+00:00,5.949
ALERT,Axis #3,2022-10-17 18:59:43.623000+00:00,2022-10-17 18:59:51.347000+00:00,7.724
ALERT,Axis #3,2022-10-17 19:00:29.094000+00:00,2022-10-17 19:00:34.827000+00:00,5.733
ALERT,Axis #3,2022-10-17 19:02:12.172000+00:00,2022-10-17 19:02:23.649000+00:00,11.477
ALERT,Axis #3,2022-10-17 19:04:47.526000+00:00,2022-10-17 19:04:55.058000+00:00,7.532
ALERT,Axis #3,2022-10-17 19:06:28.042000+00:00,2022-10-17 19:06:33.795000+00:00,5.753
ALERT,Axis #3,2022-10-17 19:08:24.197000+00:00,2022-10-17 19:08:29.845000+00:00,5.648
ALERT,Axis #3,2022-10-17 19:11:41.988000+00:00,2022-10-17 19:11:47.763000+00:00,5.775
ALERT,Axis #3,2022-10-17 19:13:25.019000+00:00,2022-10-17 19:13:30.745000+00:00,5.726
ALERT,Axis #3,2022-10-17 19:14:08.676000+00:00,2022-10-17 19:14:14.436000+00:00,5.76
ALERT,Axis #3,2022-10-17 19:14:59.917000+00:00,2022-10-17 19:15:05.721000+00:00,5.804
ALERT,Axis #3,2022-10-17 19:15:49.622000+00:00,2022-10-17 19:15:57.407000+00:00,7.785
ALERT,Axis #3,2022-10-17 19:26:19.267000+00:00,2022-10-17 19:26:25.147000+00:00,5.88
ALERT,Axis #3,2022-10-17 19:30:41.545000+00:00,2022-10-17 19:30:49.060000+00:00,7.515
ALERT,Axis #3,2022-10-17 19:33:15.663000+00:00,2022-10-17 19:33:21.472000+00:00,5.809
ALERT,Axis #3,2022-10-17 19:47:03.132000+00:00,2022-10-17 19:47:08.893000+00:00,5.761
ALERT,Axis #3,2022-10-17 19:48:34.269000+00:00,2022-10-17 19:48:39.924000+00:00,5.655
ALERT,Axis #3,2022-10-17 19:49:47.973000+00:00,2022-10-17 19:49:55.634000+00:00,7.661
ALERT,Axis #3,2022-10-17 19:57:45.141000+00:00,2022-10-17 19:57:52.912000+00:00,7.771
ALERT,Axis #3,2022-10-17 20:04:05.344000+00:00,2022-10-17 20:04:13.261000+00:00,7.917
ALERT,Axis #3,2022-10-17 20:06:49.145000+00:00,2022-10-17 20:06:54.902000+00:00,5.757
ALERT,Axis #3,2022-10-17 20:06:58.692000+00:00,2022-10-17 20:07:06.449000+00:00,7.757
ALERT,Axis #3,2022-10-17 20:08:29.893000+00:00,2022-10-17 20:08:39.347000+00:00,9.454
ALERT,Axis #3,2022-10-17 20:09:25.214000+00:00,2022-10-17 20:09:32.917000+00:00,7.703
ALERT,Axis #3,2022-10-17 20:28:46.999000+00:00,2022-10-17 20:28:54.657000+00:00,7.658
ALERT,Axis #3,2022-10-17 20:34:53.962000+00:00,2022-10-17 20:35:01.528000+00:00,7.566
ALERT,Axis #3,2022-10-17 20:37:29.674000+00:00,2022-10-17 20:37:39.404000+00:00,9.73
ALERT,Axis #3,2022-10-17 20:42:00.135000+00:00,2022-10-17 20:42:05.929000+00:00,5.7940000000000005
ALERT,Axis #3,2022-10-17 20:50:44.987000+00:00,2022-10-17 20:50:50.664000+00:00,5.677
ALERT,Axis #3,2022-10-17 20:51:38.448000+00:00,2022-10-17 20:51:47.955000+00:00,9.507
ALERT,Axis #3,2022-10-17 20:54:20.236000+00:00,2022-10-17 20:54:27.867000+00:00,7.631
ALERT,Axis #3,2022-10-17 20:55:21.051000+00:00,2022-10-17 20:55:26.796000+00:00,5.745
ALERT,Axis #3,2022-10-17 20:58:36.956000+00:00,2022-10-17 20:58:44.614000+00:00,7.658
ALERT,Axis #3,2022-10-17 21:03:50.899000+00:00,2022-10-17 21:03:56.893000+00:00,5.994
ALERT,Axis #3,2022-10-17 21:09:00.284000+00:00,2022-10-17 21:09:06.168000+00:00,5.884
ALERT,Axis #3,2022-10-17 21:10:06.985000+00:00,2022-10-17 21:10:12.861000+00:00,5.876
ALERT,Axis #3,2022-10-17 21:11:04.048000+00:00,2022-10-17 21:11:15.416000+00:00,11.368
ALERT,Axis #3,2022-10-17 21:13:24.608000+00:00,2022-10-17 21:13:30.261000+00:00,5.6530000000000005
ALERT,Axis #3,2022-10-17 21:17:45.568000+00:00,2022-10-17 21:17:51.271000+00:00,5.703
ALERT,Axis #3,2022-10-17 21:18:31.419000+00:00,2022-10-17 21:18:37.386000+00:00,5.967
ALERT,Axis #3,2022-10-17 21:20:04.737000+00:00,2022-10-17 21:20:14.434000+00:00,9.697
ALERT,Axis #3,2022-10-17 21:23:01.703000+00:00,2022-10-17 21:23:09.399000+00:00,7.696
ALERT,Axis #3,2022-10-17 21:26:18.153000+00:00,2022-10-17 21:26:25.826000+00:00,7.673
ALERT,Axis #3,2022-10-17 21:28:02.690000+00:00,2022-10-17 21:28:10.565000+00:00,7.875
ALERT,Axis #3,2022-10-17 21:35:46.409000+00:00,2022-10-17 21:35:52.197000+00:00,5.788
ALERT,Axis #3,2022-10-17 21:40:59.754000+00:00,2022-10-17 21:41:07.295000+00:00,7.541
ALERT,Axis #3,2022-10-17 22:19:57.607000+00:00,2022-10-17 22:20:03.409000+00:00,5.802
ALERT,Axis #3,2022-10-17 22:22:29.524000+00:00,2022-10-17 22:22:42.893000+00:00,13.369
ALERT,Axis #3,2022-10-17 22:24:15.878000+00:00,2022-10-17 22:24:21.608000+00:00,5.73
ALERT,Axis #3,2022-10-17 22:26:44.127000+00:00,2022-10-17 22:26:49.816000+00:00,5.689
ALERT,Axis #3,2022-10-17 22:30:07.742000+00:00,2022-10-17 22:30:13.524000+00:00,5.782
ALERT,Axis #3,2022-10-17 22:34:51.612000+00:00,2022-10-17 22:34:57.372000+00:00,5.76
ALERT,Axis #3,2022-10-17 22:36:03.597000+00:00,2022-10-17 22:36:11.410000+00:00,7.813
ALERT,Axis #3,2022-10-17 22:47:13.803000+00:00,2022-10-17 22:47:19.454000+00:00,5.651
ALERT,Axis #3,2022-10-17 22:51:35.874000+00:00,2022-10-17 22:51:41.553000+00:00,5.679
ALERT,Axis #3,2022-10-17 22:52:31.101000+00:00,2022-10-17 22:52:38.705000+00:00,7.604
ALERT,Axis #3,2022-10-17 22:56:42.445000+00:00,2022-10-17 22:56:48.207000+00:00,5.7620000000000005
ALERT,Axis #3,2022-10-17 23:00:09.354000+00:00,2022-10-17 23:00:14.995000+00:00,5.641
ALERT,Axis #3,2022-10-17 23:00:58.706000+00:00,2022-10-17 23:01:04.557000+00:00,5.851
ALERT,Axis #3,2022-10-17 23:01:46.024000+00:00,2022-10-17 23:01:53.816000+00:00,7.792
ALERT,Axis #3,2022-10-17 23:03:57.238000+00:00,2022-10-17 23:04:03.019000+00:00,5.781
ALERT,Axis #3,2022-10-17 23:05:45.505000+00:00,2022-10-17 23:05:51.271000+00:00,5.766
ALERT,Axis #3,2022-10-17 23:10:33.286000+00:00,2022-10-17 23:10:40.882000+00:00,7.596
ALERT,Axis #3,2022-10-17 23:19:00.992000+00:00,2022-10-17 23:19:10.679000+00:00,9.687
ALERT,Axis #3,2022-10-17 23:22:01.677000+00:00,2022-10-17 23:22:09.237000+00:00,7.5600000000000005
ALERT,Axis #3,2022-10-17 23:22:58.648000+00:00,2022-10-17 23:23:06.377000+00:00,7.729
ALERT,Axis #3,2022-10-17 23:25:06.319000+00:00,2022-10-17 23:25:11.901000+00:00,5.582
ALERT,Axis #3,2022-10-17 23:27:57.271000+00:00,2022-10-17 23:28:03.127000+00:00,5.856
ALERT,Axis #3,2022-10-17 23:33:26.371000+00:00,2022-10-17 23:33:32.185000+00:00,5.814
ALERT,Axis #3,2022-10-17 23:38:02.369000+00:00,2022-10-17 23:38:10.195000+00:00,7.826
ALERT,Axis #3,2022-10-17 23:41:43.206000+00:00,2022-10-17 23:41:48.941000+00:00,5.735
ALERT,Axis #3,2022-10-17 23:48:16.056000+00:00,2022-10-17 23:48:21.871000+00:00,5.8149999999999995
ALERT,Axis #3,2022-10-17 23:49:19.087000+00:00,2022-10-17 23:49:30.689000+00:00,11.602
ALERT,Axis #3,2022-10-17 23:55:12.097000+00:00,2022-10-17 23:55:19.762000+00:00,7.665
ALERT,Axis #3,2022-10-17 23:59:09.221000+00:00,2022-10-17 23:59:15.006000+00:00,5.785
ALERT,Axis #3,2022-10-18 00:01:05.315000+00:00,2022-10-18 00:01:11.123000+00:00,5.808
ALERT,Axis #3,2022-10-18 00:01:52.966000+00:00,2022-10-18 00:02:00.666000+00:00,7.7
ALERT,Axis #3,2022-10-18 00:03:44.853000+00:00,2022-10-18 00:03:50.377000+00:00,5.524
ALERT,Axis #3,2022-10-18 00:05:40.604000+00:00,2022-10-18 00:05:48.206000+00:00,7.602
ALERT,Axis #3,2022-10-18 00:08:35.584000+00:00,2022-10-18 00:08:43.237000+00:00,7.6530000000000005
ALERT,Axis #3,2022-10-18 00:10:20.199000+00:00,2022-10-18 00:10:26.054000+00:00,5.855
ALERT,Axis #3,2022-10-18 00:12:10.558000+00:00,2022-10-18 00:12:22.081000+00:00,11.523
ALERT,Axis #3,2022-10-18 00:40:02.062000+00:00,2022-10-18 00:40:07.828000+00:00,5.766
ALERT,Axis #3,2022-10-18 00:40:43.900000+00:00,2022-10-18 00:40:49.571000+00:00,5.671
ALERT,Axis #3,2022-10-18 00:40:57.551000+00:00,2022-10-18 00:41:05.161000+00:00,7.61
ALERT,Axis #3,2022-10-18 00:43:21.830000+00:00,2022-10-18 00:43:27.627000+00:00,5.797
ALERT,Axis #3,2022-10-18 00:46:20.316000+00:00,2022-10-18 00:46:25.992000+00:00,5.676
ALERT,Axis #3,2022-10-18 00:46:58.054000+00:00,2022-10-18 00:47:05.677000+00:00,7.623
ALERT,Axis #3,2022-10-18 00:51:24.050000+00:00,2022-10-18 00:51:31.818000+00:00,7.768
ALERT,Axis #3,2022-10-18 00:57:50.089000+00:00,2022-10-18 00:57:55.823000+00:00,5.734
ALERT,Axis #3,2022-10-18 01:03:47.045000+00:00,2022-10-18 01:03:58.472000+00:00,11.427
ALERT,Axis #3,2022-10-18 01:05:19.881000+00:00,2022-10-18 01:05:31.224000+00:00,11.343
ALERT,Axis #3,2022-10-18 01:10:18.103000+00:00,2022-10-18 01:10:25.682000+00:00,7.579
ALERT,Axis #3,2022-10-18 01:12:57.834000+00:00,2022-10-18 01:13:05.524000+00:00,7.6899999999999995
ALERT,Axis #3,2022-10-18 01:13:58.524000+00:00,2022-10-18 01:14:04.327000+00:00,5.803
ALERT,Axis #3,2022-10-18 01:15:54.206000+00:00,2022-10-18 01:16:03.661000+00:00,9.455
ALERT,Axis #3,2022-10-18 01:18:47.487000+00:00,2022-10-18 01:18:53.034000+00:00,5.547
ALERT,Axis #3,2022-10-18 01:25:33.767000+00:00,2022-10-18 01:25:39.551000+00:00,5.784
ALERT,Axis #3,2022-10-18 01:26:27.233000+00:00,2022-10-18 01:26:34.806000+00:00,7.573
ALERT,Axis #3,2022-10-18 01:28:21.144000+00:00,2022-10-18 01:28:26.924000+00:00,5.78
ALERT,Axis #3,2022-10-18 01:29:12.397000+00:00,2022-10-18 01:29:18.255000+00:00,5.858
ALERT,Axis #3,2022-10-18 01:30:15.316000+00:00,2022-10-18 01:30:22.753000+00:00,7.437
ALERT,Axis #3,2022-10-18 01:33:44.745000+00:00,2022-10-18 01:33:50.613000+00:00,5.868
ALERT,Axis #3,2022-10-18 01:35:27.831000+00:00,2022-10-18 01:35:35.583000+00:00,7.752
ALERT,Axis #3,2022-10-18 01:36:11.252000+00:00,2022-10-18 01:36:21.101000+00:00,9.849
ALERT,Axis #3,2022-10-18 01:40:37.669000+00:00,2022-10-18 01:40:43.404000+00:00,5.735
ALERT,Axis #3,2022-10-18 02:04:32.548000+00:00,2022-10-18 02:04:38.282000+00:00,5.734
ALERT,Axis #3,2022-10-18 02:16:19.789000+00:00,2022-10-18 02:16:25.588000+00:00,5.799
ALERT,Axis #3,2022-10-18 02:16:29.434000+00:00,2022-10-18 02:16:37.160000+00:00,7.726
ALERT,Axis #3,2022-10-18 02:17:27.946000+00:00,2022-10-18 02:17:33.741000+00:00,5.795
ALERT,Axis #3,2022-10-18 02:18:11.934000+00:00,2022-10-18 02:18:19.680000+00:00,7.746
ALERT,Axis #3,2022-10-18 02:26:37.943000+00:00,2022-10-18 02:26:43.831000+00:00,5.888
ALERT,Axis #3,2022-10-18 02:28:22.630000+00:00,2022-10-18 02:28:30.221000+00:00,7.591
ALERT,Axis #3,2022-10-18 02:31:03.886000+00:00,2022-10-18 02:31:09.768000+00:00,5.882
ALERT,Axis #3,2022-10-18 02:35:39.956000+00:00,2022-10-18 02:35:45.702000+00:00,5.746
ALERT,Axis #3,2022-10-18 02:39:05.445000+00:00,2022-10-18 02:39:19.053000+00:00,13.608
ALERT,Axis #3,2022-10-18 02:44:00.573000+00:00,2022-10-18 02:44:06.618000+00:00,6.045
ALERT,Axis #3,2022-10-18 02:45:31.782000+00:00,2022-10-18 02:45:41.441000+00:00,9.659
ALERT,Axis #3,2022-10-18 02:46:34.393000+00:00,2022-10-18 02:46:42.122000+00:00,7.729
ALERT,Axis #3,2022-10-18 02:48:04.108000+00:00,2022-10-18 02:48:09.803000+00:00,5.695
ALERT,Axis #3,2022-10-18 02:48:55.393000+00:00,2022-10-18 02:49:03.142000+00:00,7.749
ALERT,Axis #3,2022-10-18 02:49:08.839000+00:00,2022-10-18 02:49:14.554000+00:00,5.715
ALERT,Axis #3,2022-10-18 02:50:47.436000+00:00,2022-10-18 02:50:53.218000+00:00,5.782
ALERT,Axis #3,2022-10-18 02:51:39.099000+00:00,2022-10-18 02:51:44.821000+00:00,5.7219999999999995
ALERT,Axis #3,2022-10-18 02:58:49.900000+00:00,2022-10-18 02:58:59.367000+00:00,9.467
ALERT,Axis #3,2022-10-18 03:01:23.540000+00:00,2022-10-18 03:01:29.221000+00:00,5.681
ALERT,Axis #3,2022-10-18 07:05:38.864000+00:00,2022-10-18 07:05:46.656000+00:00,7.792
ALERT,Axis #3,2022-10-18 07:09:17.886000+00:00,2022-10-18 07:09:23.528000+00:00,5.642
ALERT,Axis #3,2022-10-18 07:18:09.785000+00:00,2022-10-18 07:18:15.536000+00:00,5.751
ALERT,Axis #3,2022-10-18 07:22:40.069000+00:00,2022-10-18 07:22:45.872000+00:00,5.803
ALERT,Axis #3,2022-10-18 07:26:47.467000+00:00,2022-10-18 07:26:53.222000+00:00,5.755
ALERT,Axis #3,2022-10-18 07:27:39.146000+00:00,2022-10-18 07:27:54.647000+00:00,15.501
ALERT,Axis #3,2022-10-18 07:41:30.547000+00:00,2022-10-18 07:41:34.745000+00:00,4.198
ALERT,Axis #3,2022-10-18 07:49:43.315000+00:00,2022-10-18 07:49:49.221000+00:00,5.906
ALERT,Axis #3,2022-10-18 07:52:13.629000+00:00,2022-10-18 07:52:19.502000+00:00,5.873
ALERT,Axis #3,2022-10-18 07:54:33.862000+00:00,2022-10-18 07:54:39.503000+00:00,5.641
ALERT,Axis #3,2022-10-18 07:56:28.226000+00:00,2022-10-18 07:56:33.978000+00:00,5.752
ALERT,Axis #3,2022-10-18 08:06:21.253000+00:00,2022-10-18 08:06:26.995000+00:00,5.742
ALERT,Axis #3,2022-10-18 08:09:42.598000+00:00,2022-10-18 08:09:48.279000+00:00,5.681
ALERT,Axis #3,2022-10-18 08:11:32.706000+00:00,2022-10-18 08:11:38.455000+00:00,5.749
ALERT,Axis #3,2022-10-18 08:14:02.425000+00:00,2022-10-18 08:14:12.156000+00:00,9.731
ALERT,Axis #3,2022-10-18 08:17:20.378000+00:00,2022-10-18 08:17:29.926000+00:00,9.548
ALERT,Axis #3,2022-10-18 08:20:07.906000+00:00,2022-10-18 08:20:15.525000+00:00,7.619
ALERT,Axis #3,2022-10-18 08:21:30.941000+00:00,2022-10-18 08:21:46.162000+00:00,15.221
ALERT,Axis #3,2022-10-18 08:24:48.289000+00:00,2022-10-18 08:24:53.846000+00:00,5.557
ALERT,Axis #3,2022-10-18 08:25:51.274000+00:00,2022-10-18 08:25:56.944000+00:00,5.67
ALERT,Axis #3,2022-10-18 08:33:46.216000+00:00,2022-10-18 08:33:52.062000+00:00,5.846
ALERT,Axis #3,2022-10-18 08:36:16.254000+00:00,2022-10-18 08:36:23.877000+00:00,7.623
ALERT,Axis #3,2022-10-18 08:37:13.525000+00:00,2022-10-18 08:37:19.359000+00:00,5.834
ALERT,Axis #3,2022-10-18 08:43:03.783000+00:00,2022-10-18 08:43:13.565000+00:00,9.782
ALERT,Axis #3,2022-10-18 09:00:19.722000+00:00,2022-10-18 09:00:25.392000+00:00,5.67
ALERT,Axis #3,2022-10-18 09:07:20.047000+00:00,2022-10-18 09:07:27.832000+00:00,7.785
ALERT,Axis #3,2022-10-18 09:08:17.143000+00:00,2022-10-18 09:08:24.708000+00:00,7.5649999999999995
ALERT,Axis #3,2022-10-18 09:13:58.895000+00:00,2022-10-18 09:14:04.689000+00:00,5.7940000000000005
ALERT,Axis #3,2022-10-18 09:16:56.165000+00:00,2022-10-18 09:17:01.885000+00:00,5.72
ALERT,Axis #3,2022-10-18 09:18:40.840000+00:00,2022-10-18 09:18:48.564000+00:00,7.724
ALERT,Axis #3,2022-10-18 09:20:38.237000+00:00,2022-10-18 09:20:44.003000+00:00,5.766
ALERT,Axis #3,2022-10-18 09:25:58.129000+00:00,2022-10-18 09:26:03.959000+00:00,5.83
ALERT,Axis #3,2022-10-18 09:28:34.164000+00:00,2022-10-18 09:28:39.976000+00:00,5.812
ALERT,Axis #3,2022-10-18 09:34:35.378000+00:00,2022-10-18 09:34:48.957000+00:00,13.579
ALERT,Axis #3,2022-10-18 09:43:09.896000+00:00,2022-10-18 09:43:17.343000+00:00,7.447
ALERT,Axis #3,2022-10-18 09:44:56.320000+00:00,2022-10-18 09:45:02.070000+00:00,5.75
ALERT,Axis #3,2022-10-18 09:52:07.408000+00:00,2022-10-18 09:52:17.179000+00:00,9.771
ALERT,Axis #3,2022-10-18 09:53:04.356000+00:00,2022-10-18 09:53:15.860000+00:00,11.504
ALERT,Axis #3,2022-10-18 09:55:53.497000+00:00,2022-10-18 09:56:04.942000+00:00,11.445
ALERT,Axis #3,2022-10-18 09:58:32.887000+00:00,2022-10-18 09:58:44.518000+00:00,11.631
ALERT,Axis #3,2022-10-18 10:02:12.017000+00:00,2022-10-18 10:02:19.737000+00:00,7.72
ALERT,Axis #3,2022-10-18 10:09:56.057000+00:00,2022-10-18 10:10:01.979000+00:00,5.922
ALERT,Axis #3,2022-10-18 10:13:30.526000+00:00,2022-10-18 10:13:36.359000+00:00,5.833
ALERT,Axis #3,2022-10-18 10:20:46.480000+00:00,2022-10-18 10:20:52.292000+00:00,5.812
ALERT,Axis #3,2022-10-18 10:24:28.934000+00:00,2022-10-18 10:24:38.674000+00:00,9.74
ALERT,Axis #3,2022-10-18 10:25:16.643000+00:00,2022-10-18 10:25:24.239000+00:00,7.596
ALERT,Axis #3,2022-10-18 10:26:19.237000+00:00,2022-10-18 10:26:24.872000+00:00,5.635
ALERT,Axis #3,2022-10-18 10:27:59.887000+00:00,2022-10-18 10:28:05.620000+00:00,5.733
ALERT,Axis #3,2022-10-18 10:29:40.349000+00:00,2022-10-18 10:29:51.963000+00:00,11.614
ALERT,Axis #3,2022-10-18 10:31:47.220000+00:00,2022-10-18 10:31:54.799000+00:00,7.579
ALERT,Axis #3,2022-10-18 10:32:48.107000+00:00,2022-10-18 10:32:53.782000+00:00,5.675
ALERT,Axis #3,2022-10-18 10:36:03.917000+00:00,2022-10-18 10:36:09.636000+00:00,5.719
ALERT,Axis #3,2022-10-18 10:40:17.190000+00:00,2022-10-18 10:40:36.407000+00:00,19.217
ALERT,Axis #3,2022-10-18 10:43:06.423000+00:00,2022-10-18 10:43:12.200000+00:00,5.777
ALERT,Axis #5,2022-10-17 13:11:49.670000+00:00,2022-10-17 13:11:57.302000+00:00,7.632
ALERT,Axis #5,2022-10-17 13:18:19.675000+00:00,2022-10-17 13:18:27.397000+00:00,7.7219999999999995
ALERT,Axis #5,2022-10-17 14:36:42.017000+00:00,2022-10-17 14:36:47.663000+00:00,5.646
ALERT,Axis #5,2022-10-17 14:38:24.809000+00:00,2022-10-17 14:38:32.399000+00:00,7.59
ALERT,Axis #5,2022-10-17 15:25:18.619000+00:00,2022-10-17 15:25:24.503000+00:00,5.884
ALERT,Axis #5,2022-10-17 15:28:05.924000+00:00,2022-10-17 15:28:11.668000+00:00,5.744
ALERT,Axis #5,2022-10-17 19:45:24.059000+00:00,2022-10-17 19:45:29.943000+00:00,5.884
ALERT,Axis #5,2022-10-17 20:47:55.248000+00:00,2022-10-17 20:48:01.070000+00:00,5.822
ALERT,Axis #5,2022-10-17 21:09:55.407000+00:00,2022-10-17 21:10:01.140000+00:00,5.733
ALERT,Axis #5,2022-10-17 21:24:27.409000+00:00,2022-10-17 21:24:33.284000+00:00,5.875
ALERT,Axis #5,2022-10-18 01:26:09.988000+00:00,2022-10-18 01:26:15.723000+00:00,5.735
ALERT,Axis #5,2022-10-18 02:16:08.236000+00:00,2022-10-18 02:16:13.937000+00:00,5.701
ALERT,Axis #5,2022-10-18 09:20:28.678000+00:00,2022-10-18 09:20:34.484000+00:00,5.806
ALERT,Axis #5,2022-10-18 09:25:46.519000+00:00,2022-10-18 09:25:52.290000+00:00,5.771
ALERT,Axis #5,2022-10-18 10:17:53.147000+00:00,2022-10-18 10:17:58.908000+00:00,5.761
ALERT,Axis #5,2022-10-18 10:20:38.708000+00:00,2022-10-18 10:20:44.591000+00:00,5.883
ALERT,Axis #5,2022-10-18 10:30:37.098000+00:00,2022-10-18 10:30:43.044000+00:00,5.946
ALERT,Axis #5,2022-10-18 10:38:26.629000+00:00,2022-10-18 10:38:32.356000+00:00,5.727
ALERT,Axis #7,2022-10-17 12:35:10.249000+00:00,2022-10-17 12:35:15.928000+00:00,5.679
ALERT,Axis #7,2022-10-17 13:00:12.837000+00:00,2022-10-17 13:00:18.721000+00:00,5.884
ALERT,Axis #7,2022-10-17 13:21:18.471000+00:00,2022-10-17 13:21:24.254000+00:00,5.783
ALERT,Axis #7,2022-10-17 13:26:59.099000+00:00,2022-10-17 13:27:04.753000+00:00,5.654
ALERT,Axis #7,2022-10-17 14:18:32.698000+00:00,2022-10-17 14:18:38.664000+00:00,5.966
ALERT,Axis #7,2022-10-17 14:24:51.143000+00:00,2022-10-17 14:24:56.815000+00:00,5.672
ALERT,Axis #7,2022-10-17 14:36:02.296000+00:00,2022-10-17 14:36:07.992000+00:00,5.696
ALERT,Axis #7,2022-10-17 14:50:44.563000+00:00,2022-10-17 14:50:50.367000+00:00,5.804
ALERT,Axis #7,2022-10-17 14:54:15.447000+00:00,2022-10-17 14:54:21.219000+00:00,5.772
ALERT,Axis #7,2022-10-17 18:03:53.771000+00:00,2022-10-17 18:03:59.402000+00:00,5.631
ALERT,Axis #7,2022-10-17 18:15:14.065000+00:00,2022-10-17 18:15:19.910000+00:00,5.845
ALERT,Axis #7,2022-10-17 19:10:45.163000+00:00,2022-10-17 19:10:50.882000+00:00,5.719
ALERT,Axis #7,2022-10-17 19:22:01.362000+00:00,2022-10-17 19:22:07.073000+00:00,5.711
ALERT,Axis #7,2022-10-17 19:29:46.653000+00:00,2022-10-17 19:29:52.331000+00:00,5.678
ALERT,Axis #7,2022-10-17 19:47:41.190000+00:00,2022-10-17 19:47:46.917000+00:00,5.727
ALERT,Axis #7,2022-10-17 20:39:18.007000+00:00,2022-10-17 20:39:23.700000+00:00,5.693
ALERT,Axis #7,2022-10-17 20:44:32.622000+00:00,2022-10-17 20:44:38.522000+00:00,5.9
ALERT,Axis #7,2022-10-17 20:50:48.743000+00:00,2022-10-17 20:50:54.472000+00:00,5.729
ALERT,Axis #7,2022-10-17 21:15:09.382000+00:00,2022-10-17 21:15:15.207000+00:00,5.825
ALERT,Axis #7,2022-10-17 21:29:56.737000+00:00,2022-10-17 21:30:02.420000+00:00,5.683
ALERT,Axis #7,2022-10-17 21:40:02.533000+00:00,2022-10-17 21:40:08.116000+00:00,5.583
ALERT,Axis #7,2022-10-17 22:38:47.549000+00:00,2022-10-17 22:38:53.377000+00:00,5.828
ALERT,Axis #7,2022-10-17 22:44:12.276000+00:00,2022-10-17 22:44:18.098000+00:00,5.822
ALERT,Axis #7,2022-10-17 23:03:03.752000+00:00,2022-10-17 23:03:09.550000+00:00,5.798
ALERT,Axis #7,2022-10-17 23:36:16.347000+00:00,2022-10-17 23:36:22.190000+00:00,5.843
ALERT,Axis #7,2022-10-17 23:45:27.182000+00:00,2022-10-17 23:45:32.822000+00:00,5.64
ALERT,Axis #7,2022-10-17 23:46:24.569000+00:00,2022-10-17 23:46:30.364000+00:00,5.795
ALERT,Axis #7,2022-10-17 23:58:09.035000+00:00,2022-10-17 23:58:14.843000+00:00,5.808
ALERT,Axis #7,2022-10-18 00:00:02.801000+00:00,2022-10-18 00:00:08.506000+00:00,5.705
ALERT,Axis #7,2022-10-18 00:06:32.080000+00:00,2022-10-18 00:06:37.918000+00:00,5.838
ALERT,Axis #7,2022-10-18 00:11:11.284000+00:00,2022-10-18 00:11:16.930000+00:00,5.646
ALERT,Axis #7,2022-10-18 00:12:04.801000+00:00,2022-10-18 00:12:10.558000+00:00,5.757
ALERT,Axis #7,2022-10-18 00:41:44.821000+00:00,2022-10-18 00:41:50.715000+00:00,5.894
ALERT,Axis #7,2022-10-18 00:43:21.830000+00:00,2022-10-18 00:43:27.627000+00:00,5.797
ALERT,Axis #7,2022-10-18 00:53:18.060000+00:00,2022-10-18 00:53:23.858000+00:00,5.798
ALERT,Axis #7,2022-10-18 01:25:30.043000+00:00,2022-10-18 01:25:35.726000+00:00,5.683
ALERT,Axis #7,2022-10-18 01:43:51.904000+00:00,2022-10-18 01:43:57.646000+00:00,5.742
ALERT,Axis #7,2022-10-18 02:06:16.800000+00:00,2022-10-18 02:06:22.533000+00:00,5.733
ALERT,Axis #7,2022-10-18 02:19:10.522000+00:00,2022-10-18 02:19:16.345000+00:00,5.823
ALERT,Axis #7,2022-10-18 02:20:01.975000+00:00,2022-10-18 02:20:07.699000+00:00,5.724
ALERT,Axis #7,2022-10-18 03:01:19.694000+00:00,2022-10-18 03:01:25.426000+00:00,5.732
ALERT,Axis #7,2022-10-18 07:20:48.117000+00:00,2022-10-18 07:20:53.843000+00:00,5.726
ALERT,Axis #7,2022-10-18 07:36:14.957000+00:00,2022-10-18 07:36:20.628000+00:00,5.671
ALERT,Axis #7,2022-10-18 07:43:21.095000+00:00,2022-10-18 07:43:26.775000+00:00,5.68
ALERT,Axis #7,2022-10-18 07:52:17.582000+00:00,2022-10-18 07:52:23.346000+00:00,5.764
ALERT,Axis #7,2022-10-18 08:03:13.168000+00:00,2022-10-18 08:03:19.003000+00:00,5.835
ALERT,Axis #7,2022-10-18 08:38:56.627000+00:00,2022-10-18 08:39:02.394000+00:00,5.767
ALERT,Axis #7,2022-10-18 09:01:13.033000+00:00,2022-10-18 09:01:18.721000+00:00,5.688
ALERT,Axis #7,2022-10-18 09:06:32.488000+00:00,2022-10-18 09:06:38.304000+00:00,5.816
ALERT,Axis #7,2022-10-18 09:19:33.982000+00:00,2022-10-18 09:19:39.600000+00:00,5.618
ALERT,Axis #7,2022-10-18 09:41:07.976000+00:00,2022-10-18 09:41:13.659000+00:00,5.683
ALERT,Axis #7,2022-10-18 10:05:26.146000+00:00,2022-10-18 10:05:31.969000+00:00,5.823
ALERT,Axis #7,2022-10-18 10:33:33.924000+00:00,2022-10-18 10:33:39.697000+00:00,5.773
ALERT,Axis #7,2022-10-18 10:35:14.598000+00:00,2022-10-18 10:35:20.330000+00:00,5.732
